"field:1","field:2","field:3","field:4","field:5","field:6","field:7","Output:field:7"
5,0,0,30,1,0,1,0.5733274439
0,0,0,52,2,2,1,0.9066318125
0,0,0,62,4,0,1,0.9878108311
0,0,0,66,2,0,1,0.7352237757
2,0,0,8,1,2,-1,0.62955996
1,1,0,26,0,0,-1,-0.7859160269
0,0,0,61,0,0,1,0.8217655028
0,0,1,72,3,0,1,0.5303208581
5,1,1,39,5,0,-1,-0.9007945177
2,0,0,32,1,0,1,0.343683304
0,0,0,64,4,0,1,0.9762932176
2,1,0,70,0,2,-1,-0.9985071933
5,0,0,32,2,0,1,0.7651218217
2,1,2,68,4,0,-1,0.1064590579
6,1,0,46,0,2,-1,-0.9789834478
2,1,0,44,1,0,-1,-0.9391657678
3,1,1,69,4,0,-1,-0.9987259851
0,0,0,67,2,0,1,0.6607310361
0,0,0,64,3,0,1,0.9861347215
2,0,0,30,1,0,1,0.3588113207
4,0,0,58,2,0,1,0.8030136963
10,0,0,41,1,2,-1,0.2182262375
0,0,0,60,1,0,1,0.9174878686
0,0,0,64,3,0,1,0.9861347215
6,1,0,33,1,3,-1,-0.9999830977
0,0,0,44,1,0,1,0.6981748
0,0,0,22,0,0,1,0.3124873499
8,0,0,26,0,4,-1,0.2262496171
8,1,0,44,2,0,-1,-0.6688027209
0,0,0,72,1,0,1,0.3205273765
2,0,0,31,1,0,-1,0.3500442376
4,0,0,26,0,4,-1,-0.4688029767
3,1,0,60,1,3,-1,-0.9604036884
3,1,2,68,1,3,-1,-0.9999990027
5,1,0,27,1,0,-1,-0.9686339548
2,1,1,52,1,2,-1,-0.9998627409
0,0,0,57,0,2,1,0.9265033566
8,0,0,36,1,0,1,0.77578319
0,0,0,70,3,0,1,0.9792096426
4,1,0,40,0,1,-1,-0.8994282624
0,0,0,51,0,0,1,0.680689901
2,1,0,34,2,0,-1,-0.8989719201
3,1,1,68,3,1,-1,-0.9980596981
0,0,0,66,4,0,1,0.9501312543
2,1,0,62,2,0,-1,-0.7010310199
0,0,0,62,0,0,1,0.7880305407
1,1,1,71,2,0,-1,-0.9982886149
2,0,0,56,1,0,1,0.7066291136
0,0,0,38,0,4,1,-0.4882412511
0,0,0,50,1,0,1,0.7781488814
1,0,0,31,1,0,1,0.3859447905
0,0,0,52,1,3,1,0.8551073719
0,0,0,14,0,4,-1,-0.9955008154
0,0,0,66,0,2,1,0.9017559443
5,1,0,56,0,1,-1,-0.9767717076
0,0,0,22,1,0,1,0.5239899513
1,1,1,71,4,0,-1,-0.9476523001
2,1,0,70,4,0,-1,-0.9625977634
12,1,1,28,1,3,-1,-0.9999978706
0,0,0,48,2,0,1,0.8148179494
0,0,0,51,2,1,1,0.9601377262
0,0,0,71,1,0,1,0.2572244648
1,1,0,61,2,1,-1,-0.9989665504
0,0,0,72,3,0,1,0.9839392947
2,0,0,20,0,2,1,-0.2434566892
2,0,0,38,2,0,1,0.5750275914
14,1,1,23,0,3,-1,-0.9953560813
0,0,0,68,5,0,1,0.68167468
0,0,0,64,3,0,-1,0.9861347215
0,0,0,58,0,0,1,0.8751816063
0,0,0,64,3,0,1,0.9861347215
0,0,1,70,4,0,-1,0.4149980061
6,0,0,26,1,0,1,0.571388497
4,0,0,32,1,0,-1,0.4944245963
0,0,0,31,1,0,-1,0.4794551832
0,0,0,56,1,0,1,0.8851693016
0,0,0,53,1,3,1,0.8351358022
1,1,0,72,1,0,-1,-0.966006713
3,1,0,61,1,1,-1,-0.9982732304
0,0,0,52,1,0,1,0.7848937306
0,0,0,72,0,0,-1,0.228100807
6,1,0,52,0,2,-1,-0.9185503281
0,0,0,74,2,0,1,0.8873716534
24,0,1,30,0,4,1,0.9844685355
0,0,0,47,1,0,-1,0.7479967749
0,0,0,66,2,0,1,0.7352237757
2,0,0,56,2,0,-1,0.7904170952
0,0,0,65,0,3,1,0.8667304366
1,1,0,71,4,0,-1,-0.8774354544
6,0,0,27,1,0,1,0.5626494475
0,0,0,61,2,1,1,0.9806489795
0,0,0,31,0,0,1,0.3114719381
2,0,0,62,1,0,1,0.4816165965
8,0,0,34,0,2,-1,-0.4204701868
8,0,0,22,0,4,-1,0.1571131763
1,1,0,72,0,1,-1,-0.9489489686
0,0,0,41,0,2,1,0.7229617631
4,0,0,40,1,0,1,0.4282068104
8,1,1,44,3,0,-1,-0.9967851578
2,1,1,68,5,0,-1,-0.9965302789
0,0,0,42,1,0,1,0.6573825999
6,1,0,30,3,0,-1,-0.7647390876
1,0,0,42,1,0,1,0.5135558814
1,1,1,59,3,0,-1,-0.9981473806
2,1,0,52,3,0,1,-0.9908320841
0,0,0,58,3,0,1,0.9483938869
1,1,0,70,0,1,-1,-0.8962313593
7,1,0,25,2,0,-1,-0.4549416137
5,1,1,31,4,0,-1,-0.9634856068
4,1,0,58,1,0,-1,0.4965130536
8,0,0,22,2,0,1,0.2840840475
6,1,0,24,1,1,-1,-0.9984569394
1,1,1,71,3,0,-1,-0.948163354
0,0,0,28,2,0,1,0.6582510856
0,0,0,62,1,0,1,0.878659686
0,0,0,60,1,1,1,0.9626238078
0,0,0,52,1,0,1,0.7848937306
0,0,0,44,3,0,1,0.8631627228
0,0,1,75,2,1,1,0.978344737
5,0,0,29,2,0,1,0.7883784185
1,1,0,67,1,1,-1,-0.9822478992
0,0,0,60,3,0,1,0.9465653626
1,1,0,39,2,0,1,-0.9227135795
0,0,0,55,0,3,1,0.9919708346
0,0,0,37,2,0,-1,0.6996332468
0,0,0,54,1,0,1,0.7849607742
5,0,0,42,1,1,-1,0.2313763858
4,0,0,20,0,1,-1,-0.8713416653
1,0,0,65,3,1,1,0.6310899399
0,0,0,70,2,0,1,0.4931684502
0,0,0,66,0,2,1,0.9017559443
2,1,2,68,1,2,-1,-0.9920101386
2,1,1,70,1,2,-1,-0.999778493
12,0,0,20,0,2,1,0.7347735847
1,1,0,69,1,1,-1,-0.9723060789
0,0,0,70,2,0,1,0.4931684502
1,0,0,46,2,1,1,0.8961457222
0,0,0,58,2,0,-1,0.9522916197
6,1,0,62,3,0,-1,-0.9704619862
0,0,0,59,1,0,-1,0.9293208318
0,0,0,37,0,1,1,0.6161312207
0,0,0,68,2,0,1,0.5819723436
0,0,0,72,1,0,1,0.3205273765
8,1,0,46,0,2,-1,-0.9941425474
2,0,0,26,1,0,1,0.4129319512
10,0,0,18,0,2,1,0.6099166726
0,0,0,65,1,0,1,0.7520196889
3,0,0,56,0,3,1,0.7011617764
6,1,1,55,3,0,-1,-0.999097889
2,0,0,44,0,0,-1,0.1811026707
4,1,0,61,3,0,-1,-0.9887846468
5,0,0,38,1,0,1,0.4947524147
1,1,0,72,0,1,-1,-0.9489489686
9,1,1,31,0,3,-1,-0.9999197794
0,0,0,66,1,0,1,0.679996438
0,0,0,68,2,0,1,0.5819723436
2,1,0,67,0,2,-1,-0.9769630874
0,0,0,62,0,4,1,0.8977658133
6,1,0,26,1,0,-1,-0.9198128661
7,1,1,47,0,3,-1,-0.9999529974
1,1,1,71,3,1,-1,-0.9691911219
5,0,0,28,1,0,1,0.5971356708
0,0,0,64,3,0,1,0.9861347215
2,1,0,66,2,0,-1,-0.8918060207
2,0,0,40,1,0,1,0.3769293034
0,0,0,60,1,0,1,0.9174878686
0,0,0,58,0,4,1,0.8655014676
6,0,0,23,2,0,1,0.6427906457
0,0,0,62,2,0,1,0.9051202235
4,1,0,42,1,1,-1,-0.9674274406
0,0,0,74,2,0,1,0.8873716534
2,0,0,20,2,0,1,0.1420930297
6,1,0,57,1,3,-1,-0.9617052774
1,1,0,70,2,1,1,-0.9910298068
0,0,0,66,0,0,1,0.5580873507
7,1,0,32,0,1,-1,-0.9922888157
6,0,0,18,2,0,1,0.4327835357
2,1,0,70,2,0,-1,-0.9546230791
0,0,0,61,1,2,1,0.207765771
8,1,1,19,4,0,-1,-0.9863114024
0,0,0,34,1,0,1,0.5042263539
0,0,0,46,2,0,1,0.7982957198
0,0,0,60,1,0,-1,0.9174878686
4,0,0,42,0,4,1,0.823055214
0,0,0,30,1,0,1,0.4769481943
1,1,0,70,2,1,1,-0.9910298068
2,0,0,62,1,0,-1,0.4816165965
2,0,0,34,2,0,1,0.5857998259
5,0,0,22,1,0,-1,0.6457332955
0,0,0,58,1,0,1,0.9363618481
0,0,0,67,0,2,1,0.8763303726
0,0,0,14,0,0,-1,0.2817718907
2,0,0,48,1,0,-1,0.4320433666
0,0,0,75,0,0,1,0.8024480757
1,1,0,72,0,3,-1,-0.9999968879
0,0,0,65,1,1,1,0.8618126118
0,0,0,57,4,0,1,0.9938829095
2,1,0,66,0,0,-1,-0.8649661972
7,0,0,48,3,0,1,0.5738262042
4,0,0,44,1,0,1,0.3991706654
4,0,0,20,0,1,-1,-0.8713416653
0,0,0,54,0,2,1,0.9680228346
2,1,0,60,0,2,-1,-0.1058801423
0,0,0,69,0,2,1,0.6846726888
5,0,0,46,1,0,1,0.6096879686
4,0,0,40,2,0,-1,0.6461820416
0,0,0,13,1,0,1,0.0163343154
0,0,0,44,0,3,1,0.6985550321
4,0,0,20,2,0,1,0.3966893488
5,1,0,37,2,1,-1,-0.9957618206
0,0,0,67,1,0,1,0.5897606785
0,0,0,60,2,0,1,0.9365456183
3,0,0,23,0,1,-1,-0.6179312918
2,1,0,28,1,0,-1,-0.8023164809
2,0,0,42,1,0,1,0.3992572379
2,0,0,46,1,0,1,0.4322803566
4,0,0,12,1,2,-1,0.2228189579
0,0,0,62,4,0,1,0.9878108311
9,1,1,60,0,3,-1,-0.9999992132
0,0,0,62,1,0,1,0.878659686
0,0,0,24,1,0,1,0.5113569975
0,0,0,60,2,0,1,0.9365456183
6,0,0,28,1,0,-1,0.5531967486
4,0,0,40,2,0,-1,0.6461820416
0,0,0,61,0,0,1,0.8217655028
1,1,1,71,4,0,-1,-0.9476523001
2,0,0,35,1,0,1,0.3398042151
0,0,0,60,1,0,1,0.9174878686
8,1,0,42,2,2,-1,-0.9999278711
0,0,0,69,3,0,-1,0.9796353049
4,0,0,52,1,0,1,0.4372415855
2,0,0,28,1,0,1,0.3827361139
6,0,0,29,3,0,1,0.6934112302
2,0,0,66,1,2,-1,-0.9062622433
4,1,1,32,4,0,-1,-0.9540281036
2,1,0,60,1,2,-1,-0.8678440713
3,1,0,22,1,0,-1,-0.9378527176
0,0,0,71,0,1,-1,0.7353739475
5,3,0,52,2,0,-1,0.8383872956
0,0,0,66,2,0,1,0.7352237757
0,0,0,40,2,0,1,0.7310996206
0,0,0,59,0,0,1,0.8681843316
1,1,0,68,0,1,-1,-0.8252189699
5,1,0,35,2,1,-1,-0.9943205355
0,0,0,38,3,0,1,0.8494159863
6,0,0,50,0,2,-1,-0.5635823316
0,0,0,64,1,0,1,0.80709756
0,0,0,36,1,0,-1,0.5338982771
0,0,0,66,3,0,1,0.9843115145
4,0,0,18,1,0,1,0.5050804908
0,0,0,38,2,0,1,0.7092692048
4,1,1,32,2,2,-1,-0.9999383931
2,0,0,40,3,0,-1,0.7290407736
0,0,0,50,0,0,1,0.6824021758
0,0,0,52,2,0,1,0.8299728301
1,0,0,22,2,0,1,0.2498836547
1,1,0,62,1,1,-1,-0.9910406577
0,0,0,60,2,0,1,0.9365456183
3,0,0,50,1,0,-1,0.2880800183
2,1,0,70,3,0,-1,-0.8722355265
3,0,0,45,0,3,1,0.6487444493
1,0,0,52,1,3,1,0.7244689731
0,0,0,50,1,0,1,0.7781488814
0,0,0,66,0,2,1,0.9017559443
0,0,0,45,1,0,1,0.7166034565
2,0,0,38,2,0,1,0.5750275914
0,0,0,75,1,0,-1,0.7810069355
0,0,0,62,1,0,1,0.878659686
2,0,0,42,1,2,1,0.6269933378
2,0,0,64,1,0,1,0.3500571007
2,1,0,71,1,2,-1,-0.9998528684
4,1,1,66,4,0,-1,-0.9991120809
4,1,0,64,4,0,-1,-0.9075397462
12,1,1,18,1,2,-1,-0.9999995706
0,0,0,46,0,0,1,0.6511302896
0,0,0,58,0,0,1,0.8751816063
6,0,0,20,2,0,1,0.4413884888
2,0,0,24,2,0,1,0.4750565218
0,0,0,50,0,4,1,0.5982694246
0,0,0,32,2,0,1,0.6710353242
0,0,0,61,2,0,1,0.9234055329
0,0,0,58,0,0,1,0.8751816063
3,1,0,63,1,0,-1,0.0133877982
2,0,0,56,4,0,1,0.941537877
0,0,1,70,3,0,1,-0.2623437789
0,0,2,72,5,0,-1,0.6308595448
2,1,0,72,3,0,-1,-0.6754778859
0,0,0,59,2,0,1,0.945946155
1,1,0,74,0,1,-1,-0.9617584139
0,0,0,75,2,0,1,0.9392311435
2,1,0,58,0,2,-1,-0.1757172126
2,1,0,68,1,2,-1,-0.9977609589
0,0,0,44,0,3,1,0.6985550321
1,1,1,71,4,0,-1,-0.9476523001
1,1,0,74,1,0,-1,-0.9385932591
2,1,2,70,4,0,-1,0.5516776144
0,0,0,70,1,0,-1,0.2889120369
2,1,0,70,0,2,-1,-0.9985071933
4,1,0,68,0,2,-1,-0.99931341
0,0,0,73,1,1,-1,0.4127614023
2,1,1,69,0,2,-1,-0.9877477758
0,0,0,73,1,0,1,0.4832982522
12,1,2,55,1,3,-1,-0.9999999284
0,0,1,70,0,4,-1,-0.9236176472
1,1,1,71,0,3,-1,-0.9999977758
6,1,1,64,4,0,-1,-0.9997411211
8,1,1,57,2,0,-1,-0.8730297246
0,0,0,71,1,0,1,0.2572244648
2,1,2,68,3,2,-1,-0.9667722436
2,1,0,70,3,0,-1,-0.8722355265
2,1,0,72,2,0,-1,-0.9717140916
3,1,2,67,0,3,-1,-0.9999995755
3,1,1,68,1,3,-1,-0.9999991335
4,0,0,58,0,2,-1,-0.4328081684
0,0,0,59,1,0,1,0.9293208318
15,1,1,45,1,3,-1,-0.999668429
2,1,0,70,2,2,-1,-0.9998125446
1,1,0,72,1,0,-1,-0.966006713
0,0,0,67,2,0,1,0.6607310361
2,1,0,68,4,0,-1,-0.9318068723
6,1,1,54,1,2,-1,-0.9999854918
1,1,0,68,0,1,-1,-0.8252189699
2,1,0,70,1,2,-1,-0.9995856156
8,1,1,57,3,0,-1,-0.9984771236
2,2,0,72,1,0,-1,-0.658093478
1,1,1,71,3,0,-1,-0.948163354
2,1,0,70,3,0,-1,-0.8722355265
0,0,0,72,3,0,1,0.9839392947
0,0,0,59,0,0,1,0.8681843316
0,0,0,71,1,2,1,0.9719242551
0,0,0,56,4,0,1,0.9938798709
3,1,0,54,2,0,-1,-0.9140140767
0,0,0,75,0,1,1,0.7010082614
2,1,2,68,5,0,-1,-0.4037451402
1,1,0,69,0,1,-1,-0.8599797119
0,0,0,70,1,0,1,0.2889120369
6,1,0,65,4,0,-1,-0.9854589542
1,1,0,73,3,0,-1,-0.8751677256
0,0,0,57,2,0,1,0.9542034022
2,1,0,70,0,2,-1,-0.9985071933
6,1,0,62,2,2,-1,-0.9986476635
1,1,0,74,2,0,-1,-0.9717899636
1,1,0,64,1,3,-1,-0.908934828
0,0,0,67,2,0,1,0.6607310361
4,1,2,64,4,0,-1,-0.661643701
3,1,1,68,4,0,-1,-0.9979129822
0,0,0,46,1,0,1,0.7332957246
1,1,1,71,4,0,-1,-0.9476523001
2,1,0,60,2,2,-1,-0.995665835
2,1,0,66,1,2,-1,-0.9967496994
2,1,0,58,1,0,-1,-0.8137666651
2,1,0,68,4,0,-1,-0.9318068723
1,1,0,74,1,0,-1,-0.9385932591
0,0,0,70,0,4,-1,0.6576261691
1,0,0,67,2,0,1,0.1270306691
9,1,2,59,5,0,-1,-0.9988774236
0,0,0,50,1,0,1,0.7781488814
1,1,0,67,1,3,-1,-0.9978791249
6,1,0,64,1,3,-1,-0.9966631656
2,1,0,72,3,0,-1,-0.6754778859
1,1,0,70,1,0,-1,-0.9636186493
1,1,1,72,1,3,-1,-0.999999826
0,0,0,52,1,0,1,0.7848937306
0,0,0,63,1,0,1,0.8482480681
0,0,0,49,2,0,-1,0.8210799863
1,1,0,73,1,1,-1,-0.9786600886
0,0,0,52,3,0,1,0.8515936013
0,0,0,69,1,0,1,0.3765585697
2,0,0,50,2,0,-1,0.5311971998
4,1,1,66,3,0,-1,-0.9994406915
1,1,0,66,1,0,-1,-0.9129494731
4,1,1,66,2,2,-1,-0.9997872872
0,0,0,66,0,0,1,0.5580873507
4,1,0,66,0,2,-1,-0.9960272516
1,1,0,71,4,0,-1,-0.8774354544
3,1,1,68,0,3,-1,-0.9999998566
2,1,0,70,3,0,-1,-0.8722355265
6,1,1,63,4,0,-1,-0.9995913488
2,1,0,69,0,2,-1,-0.9964479928
3,1,1,67,3,1,-1,-0.9974514918
1,1,1,71,0,3,-1,-0.9999977758
3,1,0,69,4,0,-1,-0.975929485
1,1,0,67,3,0,-1,-0.5112457461
1,1,0,72,4,0,-1,-0.8868381411
0,0,0,60,1,0,1,0.9174878686
0,0,0,66,0,4,1,0.8276110317
3,1,1,63,2,0,-1,-0.9929308562
2,1,0,52,0,2,-1,-0.9030283227
3,1,2,67,0,3,-1,-0.9999995755
1,1,0,67,4,1,-1,-0.9283818235
4,1,1,64,3,0,-1,-0.9995360937
6,1,1,65,1,3,-1,-0.9999997366
3,1,0,64,0,1,-1,-0.9638508298
2,1,0,68,1,0,-1,-0.8022518586
0,0,0,64,1,0,1,0.80709756
1,1,0,72,1,3,-1,-0.9999904619
2,1,0,70,0,2,-1,-0.9985071933
1,1,0,69,0,2,-1,-0.9880965807
2,1,0,70,2,2,1,-0.9998125446
0,0,0,68,1,0,1,0.4846748049
0,0,0,68,1,3,1,0.9793283374
3,1,1,67,5,0,-1,-0.9993211712
6,1,0,64,3,0,-1,-0.9868985063
3,1,1,63,0,3,-1,-0.9999433601
1,1,0,66,0,0,-1,-0.8221588543
4,1,0,66,2,2,-1,-0.9924378601
1,1,0,71,1,1,-1,-0.969958398
8,1,0,60,2,2,-1,-0.9740934558
3,1,0,69,0,3,-1,-0.999994603
0,0,0,71,1,0,1,0.2572244648
2,1,0,68,3,2,-1,-0.9986165453
2,1,0,68,2,2,-1,-0.9987435546
0,0,1,70,0,4,-1,-0.9236176472
6,1,1,64,4,0,-1,-0.9997411211
2,1,0,61,3,1,-1,-0.999831325
9,1,2,60,4,0,-1,-0.989627901
2,1,0,69,2,0,-1,-0.9435857819
0,0,0,44,2,0,1,0.7776666677
0,0,0,73,2,0,1,0.7917769373
0,0,0,72,1,0,1,0.3205273765
10,1,2,60,1,3,-1,-0.9999999995
0,0,0,53,2,0,1,0.8306763996
4,1,0,65,2,0,-1,-0.9047046766
3,1,0,69,1,3,-1,-0.9999910411
0,0,0,70,0,4,-1,0.6576261691
1,1,0,72,0,1,-1,-0.9489489686
4,1,1,63,1,2,-1,-0.9975467971
2,1,0,58,0,2,-1,-0.1757172126
1,1,0,74,0,1,-1,-0.9617584139
1,1,0,74,0,0,-1,-0.8599623171
0,0,1,72,1,3,-1,0.9581665136
3,0,0,59,2,0,1,0.6947361264
2,1,0,68,5,0,-1,-0.9809238764
3,1,1,67,5,0,-1,-0.9993211712
6,1,2,60,5,0,-1,-0.9911723536
1,1,0,72,0,1,-1,-0.9489489686
0,0,0,66,4,0,1,0.9501312543
0,0,0,61,0,2,1,0.9358981289
0,0,0,64,2,0,1,0.844576617
0,0,0,66,4,0,1,0.9501312543
0,0,2,72,1,3,-1,0.7952269257
1,1,0,63,1,0,-1,-0.8229733345
2,2,0,72,1,0,-1,-0.658093478
0,0,0,67,0,1,1,0.537024059
4,0,0,50,0,4,-1,0.9198173273
1,1,1,69,1,1,-1,0.1586234114
2,1,0,64,3,0,-1,-0.9538056082
2,1,0,72,0,2,-1,-0.9994238324
0,0,0,67,5,0,1,0.5799688351
5,2,1,65,3,0,-1,-0.9760428841
4,1,1,66,2,2,-1,-0.9997872872
1,1,0,70,1,0,-1,-0.9636186493
1,1,0,73,2,0,-1,-0.9616543341
1,1,0,70,3,0,-1,-0.7883346606
9,1,2,59,4,0,-1,-0.9927256935
4,1,0,64,0,2,-1,-0.9908038669
2,1,0,70,0,2,-1,-0.9985071933
1,1,0,71,0,3,-1,-0.9999901124
0,0,0,57,0,3,1,0.9822025611
4,1,2,60,1,2,-1,-0.9984795304
0,0,0,62,0,0,1,0.7880305407
1,1,0,73,4,0,-1,-0.8652363229
1,1,1,67,3,0,-1,-0.990372471
1,1,0,73,2,0,-1,-0.9616543341
18,1,0,47,0,3,-1,-0.9967150173
12,1,0,50,2,2,-1,-0.9999161447
2,1,2,70,4,0,-1,0.5516776144
2,1,0,58,3,0,-1,-0.9639824962
1,1,1,71,4,0,-1,-0.9476523001
0,0,0,66,0,0,1,0.5580873507
0,0,0,66,0,0,1,0.5580873507
2,1,1,69,3,0,-1,-0.9400571178
1,1,0,73,2,1,-1,-0.9697864586
4,1,0,68,2,2,-1,-0.9990392064
0,0,0,65,0,3,1,0.8667304366
2,1,2,68,5,0,-1,-0.4037451402
1,1,0,74,2,0,-1,-0.9717899636
0,0,3,71,1,3,-1,0.998914376
2,1,1,70,4,0,-1,-0.9937445242
0,0,0,62,1,0,-1,0.878659686
7,1,1,63,0,3,-1,-0.9999996134
0,0,0,42,0,0,1,0.5713665307
9,1,0,60,5,0,-1,-0.9828759139
3,1,0,69,1,3,-1,-0.9999910411
4,1,0,66,0,2,-1,-0.9960272516
0,0,0,70,3,0,1,0.9792096426
1,1,1,71,2,1,-1,-0.7445850807
2,1,1,70,2,2,-1,-0.9990500339
6,2,1,65,4,0,-1,-0.1809565901
0,0,0,56,1,0,1,0.8851693016
0,0,0,66,2,0,1,0.7352237757
2,0,0,60,1,0,-1,0.6005351359
1,1,0,70,1,1,-1,-0.9717741321
0,0,0,62,1,0,1,0.878659686
1,1,1,71,2,0,-1,-0.9982886149
3,1,1,68,3,0,-1,-0.981298227
6,1,0,55,0,3,-1,-0.9941980896
6,1,1,60,1,2,-1,-0.9996118573
0,0,2,71,5,0,-1,0.4345269074
0,0,0,71,0,0,1,0.1814422053
2,1,0,64,3,0,-1,-0.9538056082
3,1,2,67,5,0,-1,-0.9080576297
2,1,0,58,2,0,1,-0.7536963857
2,1,0,70,3,0,-1,-0.8722355265
4,1,0,62,2,2,-1,-0.9940695036
6,1,2,59,5,0,-1,-0.9912487219
2,1,2,68,5,0,-1,-0.4037451402
0,0,0,58,1,0,1,0.9363618481
0,0,0,65,2,0,1,0.7970220979
6,1,0,54,1,2,-1,-0.9978643533
9,1,0,60,1,3,-1,-0.5415999294
0,0,0,65,1,0,1,0.7520196889
2,1,0,68,3,2,-1,-0.9986165453
0,0,1,73,1,1,-1,0.964848519
4,1,0,64,3,2,-1,-0.9991757631
0,0,0,54,1,0,-1,0.7849607742
0,0,2,70,8,0,-1,-0.9919821898
4,1,1,64,3,0,-1,-0.9995360937
0,0,0,67,1,0,1,0.5897606785
3,1,1,67,6,0,-1,0.3475832797
1,1,0,72,2,0,-1,-0.9456718766
0,0,0,70,0,0,1,0.2147273097
0,0,0,56,0,2,1,0.9438161394
2,1,0,60,0,2,-1,-0.1058801423
0,0,0,64,1,0,1,0.80709756
1,1,0,72,1,1,-1,-0.9704455777
0,0,0,70,5,0,-1,0.6381820534
0,0,0,68,2,0,1,0.5819723436
0,0,1,72,2,0,-1,-0.3687652194
1,1,0,63,0,3,-1,-0.986456273
1,1,1,71,0,3,-1,-0.9999977758
0,0,0,66,1,0,1,0.679996438
1,1,1,71,3,0,-1,-0.948163354
0,0,0,51,1,0,1,0.7829580104
2,1,1,69,3,0,-1,-0.9400571178
1,1,0,73,4,0,-1,-0.8652363229
1,1,0,72,0,1,-1,-0.9489489686
1,1,0,72,0,1,-1,-0.9489489686
0,0,0,73,3,1,1,0.877725334
6,1,2,63,5,0,-1,-0.9986511286
0,0,0,72,2,0,1,0.6543637655
1,1,1,63,4,1,-1,-0.8801293142
3,1,0,68,4,0,-1,-0.9678647271
12,1,1,55,0,3,-1,-0.9999994275
2,1,0,62,2,0,-1,-0.7010310199
2,1,0,58,3,0,-1,-0.9639824962
2,1,1,70,2,0,-1,-0.9997044869
4,1,1,66,2,0,-1,-0.9954450668
1,1,0,72,0,1,-1,-0.9489489686
3,1,2,68,4,0,-1,-0.8206796419
6,1,1,63,0,3,-1,-0.999996626
0,0,0,55,1,0,1,0.8087225027
0,0,0,58,0,0,1,0.8751816063
6,1,0,64,2,2,-1,-0.9864240697
0,0,0,52,0,2,1,0.9779672595
0,0,0,69,3,0,1,0.9796353049
0,0,0,54,1,0,-1,0.7849607742
2,1,1,69,0,2,-1,-0.9877477758
3,1,0,68,4,0,-1,-0.9678647271
4,1,2,64,4,0,-1,-0.661643701
4,1,1,63,1,2,-1,-0.9975467971
0,0,1,70,3,0,-1,-0.2623437789
0,0,1,70,4,0,-1,0.4149980061
0,0,0,66,1,0,1,0.679996438
4,1,0,64,1,2,-1,-0.9985971615
0,0,1,70,0,4,-1,-0.9236176472
0,0,0,74,2,0,1,0.8873716534
0,0,0,70,0,4,-1,0.6576261691
2,1,0,66,0,2,-1,-0.9437293896
1,1,0,56,1,0,-1,-0.9076055793
12,1,1,56,3,0,-1,-0.9993919907
0,0,0,67,2,0,1,0.6607310361
2,1,1,69,0,2,-1,-0.9877477758
2,1,0,70,2,0,-1,-0.9546230791
10,1,0,52,0,2,-1,-0.8491526199
9,1,0,55,0,3,-1,-0.9837036226
4,1,1,68,2,2,-1,-0.9999709661
2,1,0,68,0,2,-1,-0.9909206057
0,0,0,65,3,0,1,0.9856279456
0,0,0,69,2,0,1,0.5171104601
4,0,1,62,0,4,-1,-0.731905538
1,1,0,61,0,2,-1,0.5633736044
0,0,0,73,1,0,1,0.4832982522
2,1,1,68,1,2,-1,-0.9985871173
0,0,0,65,2,0,1,0.7970220979
1,1,0,63,0,3,-1,-0.986456273
3,1,0,67,0,3,-1,-0.9999498506
3,1,0,67,4,1,-1,-0.985925253
3,1,1,64,1,3,-1,-0.9998590557
0,0,0,67,1,0,1,0.5897606785
6,1,0,60,0,3,-1,-0.9962312861
2,1,0,68,0,1,-1,-0.9546667146
0,0,0,58,2,0,1,0.9522916197
1,1,1,72,3,0,-1,-0.9516375527
2,1,1,70,3,0,-1,-0.944689296
4,1,0,64,2,0,-1,-0.8738813211
6,1,0,63,6,0,-1,0.3179126186
0,0,0,37,1,0,1,0.5519170228
2,1,0,59,2,0,-1,-0.676149304
0,0,0,65,2,0,1,0.7970220979
2,1,0,72,1,2,-1,-0.9999442567
1,1,0,72,0,1,-1,-0.9489489686
2,1,0,70,2,2,-1,-0.9998125446
0,0,1,73,1,3,-1,0.8098900738
1,1,0,66,3,0,-1,-0.4973203063
6,1,1,63,6,0,-1,-0.88456348
8,1,0,60,3,0,-1,-0.9309324674
3,1,0,68,1,3,-1,-0.9999690726
1,1,0,72,1,0,-1,-0.966006713
4,1,1,56,3,0,-1,-0.9970564271
2,1,1,69,3,0,-1,-0.9400571178
2,1,0,72,2,2,-1,-0.9998930834
4,1,0,66,2,2,-1,-0.9924378601
4,0,0,60,0,2,-1,-0.5783661974
0,0,0,44,2,0,1,0.7776666677
0,0,0,40,2,0,1,0.7310996206
0,0,0,72,2,0,1,0.6543637655
0,0,0,70,2,0,1,0.4931684502
14,1,0,44,0,2,-1,-0.9781211996
9,1,0,53,1,3,-1,0.538705386
4,1,0,68,2,2,-1,-0.9990392064
1,1,0,59,4,0,-1,-0.4961415188
0,0,0,56,1,0,1,0.8851693016
15,1,1,45,1,3,-1,-0.999668429
2,1,0,64,2,2,-1,-0.9673233113
3,1,0,68,0,3,-1,-0.9999829943
4,1,0,64,3,0,-1,-0.9608131317
4,1,0,64,2,2,-1,-0.9921336755
0,0,0,61,1,0,1,0.9010480607
0,0,0,52,4,0,1,0.9786265425
1,1,0,70,0,1,-1,-0.8962313593
1,1,0,74,1,0,-1,-0.9385932591
2,2,0,72,1,0,-1,-0.658093478
4,1,1,66,3,0,-1,-0.9994406915
2,1,0,69,0,2,-1,-0.9964479928
1,1,0,72,1,3,-1,-0.9999904619
4,1,0,68,2,2,-1,-0.9990392064
0,0,0,62,1,0,-1,0.878659686
0,0,0,68,2,0,1,0.5819723436
0,0,0,66,1,0,1,0.679996438
2,1,1,68,1,2,-1,-0.9985871173
0,0,0,60,1,0,1,0.9174878686
0,0,0,62,0,4,1,0.8977658133
0,0,0,62,0,0,1,0.7880305407
1,1,0,69,3,0,-1,-0.7045848854
0,0,0,66,4,0,1,0.9501312543
0,0,2,70,0,4,-1,-0.9394227825
0,0,0,64,3,0,1,0.9861347215
2,0,0,62,1,0,1,0.4816165965
5,1,1,63,3,0,-1,-0.9998054288
2,1,0,68,3,0,-1,-0.9063754581
1,1,0,64,0,1,-1,-0.8076772455
6,1,0,56,0,2,-1,-0.9286654374
2,1,0,68,0,2,-1,-0.9909206057
3,1,1,68,0,3,-1,-0.9999998566
0,0,0,66,1,0,1,0.679996438
1,1,0,70,2,1,-1,-0.9910298068
0,0,0,68,1,0,1,0.4846748049
1,1,0,74,1,0,-1,-0.9385932591
0,0,2,71,0,3,-1,-0.7631960395
2,1,1,69,1,2,-1,-0.9994533244
1,1,1,71,0,3,-1,-0.9999977758
0,0,0,69,3,0,1,0.9796353049
1,1,0,69,2,0,-1,-0.8515264533
0,0,0,60,0,2,1,0.9231646008
1,1,0,72,0,1,-1,-0.9489489686
2,1,0,70,1,2,-1,-0.9995856156
2,1,0,68,1,2,-1,-0.9977609589
2,1,1,69,3,0,-1,-0.9400571178
4,1,1,66,4,0,-1,-0.9991120809
1,1,0,67,1,0,-1,-0.9330196351
2,1,0,72,2,0,-1,-0.9717140916
1,1,0,74,2,0,-1,-0.9717899636
3,1,0,67,0,2,-1,-0.9931465981
2,1,1,69,3,0,-1,-0.9400571178
2,1,0,56,2,2,-1,-0.9994024279
2,1,0,72,4,0,-1,-0.9659520613
1,1,0,70,2,1,-1,-0.9910298068
2,1,0,70,3,0,-1,-0.8722355265
1,1,0,74,0,1,-1,-0.9617584139
6,1,0,63,6,0,-1,0.3179126186
0,0,0,62,2,0,1,0.9051202235
0,0,0,66,0,0,1,0.5580873507
3,1,0,67,5,0,-1,-0.9911139405
3,1,1,62,2,0,-1,-0.9902402619
0,0,0,62,1,0,1,0.878659686
1,1,0,73,2,1,-1,-0.9697864586
3,1,2,68,4,1,-1,-0.7829084297
2,1,1,70,2,0,-1,-0.9997044869
6,1,0,58,1,2,-1,-0.9977663478
7,1,1,55,1,3,-1,-0.9967409877
0,0,0,73,2,0,1,0.7917769373
0,0,0,66,3,0,1,0.9843115145
2,1,0,66,2,1,-1,-0.9999267909
3,1,0,57,1,3,-1,-0.7199289131
0,0,1,70,4,0,-1,0.4149980061
0,0,0,64,1,0,-1,0.80709756
0,0,0,60,1,0,1,0.9174878686
0,0,0,56,1,0,1,0.8851693016
0,0,0,66,2,0,-1,0.7352237757
2,1,0,70,1,2,-1,-0.9995856156
1,1,1,70,2,1,-1,-0.77112452
0,0,1,73,3,0,-1,0.7533153173
12,1,2,56,5,0,-1,-0.9870848103
2,1,0,64,2,0,-1,-0.8189646198
0,0,0,56,1,0,1,0.8851693016
6,1,3,63,1,3,-1,-0.9908604723
1,1,0,74,2,0,-1,-0.9717899636
3,0,0,61,1,3,-1,0.710947262
0,0,1,73,3,0,-1,0.7533153173
0,0,0,69,1,0,1,0.3765585697
0,0,0,68,1,0,1,0.4846748049
4,1,0,64,1,2,-1,-0.9985971615
0,0,0,72,2,0,1,0.6543637655
1,1,1,71,3,0,-1,-0.948163354
0,0,0,71,1,0,1,0.2572244648
1,1,0,71,4,0,-1,-0.8774354544
1,1,0,69,1,1,-1,-0.9723060789
1,1,0,74,2,0,-1,-0.9717899636
2,1,0,66,0,2,-1,-0.9437293896
0,0,0,64,1,0,1,0.80709756
0,0,0,68,4,0,1,0.9041689431
1,1,0,69,3,0,-1,-0.7045848854
1,1,0,72,2,0,-1,-0.9456718766
1,1,0,63,4,0,-1,-0.7744736833
3,1,0,67,4,1,-1,-0.985925253
1,1,0,66,2,0,-1,-0.7039235504
0,0,0,66,0,4,1,0.8276110317
0,0,1,74,1,2,-1,0.9676126124
0,0,0,57,1,0,1,0.9317622712
2,1,0,66,1,2,-1,-0.9967496994
1,1,0,71,1,0,-1,-0.9666647264
1,1,0,71,0,3,-1,-0.9999901124
2,1,0,60,2,2,-1,-0.995665835
0,0,0,67,0,1,1,0.537024059
1,1,0,58,1,0,-1,-0.9116720177
0,0,2,70,6,0,-1,-0.5252694876
1,1,1,71,0,3,-1,-0.9999977758
10,1,1,49,0,2,-1,-0.9999982418
1,1,0,70,1,0,-1,-0.9636186493
0,0,0,73,2,0,1,0.7917769373
1,0,0,62,1,0,1,0.6737067796
0,0,3,70,8,0,-1,-0.9998383188
0,0,0,64,3,0,1,0.9861347215
0,0,2,72,5,0,-1,0.6308595448
0,0,1,70,0,4,-1,-0.9236176472
0,0,3,70,7,0,-1,-0.9995475628
2,2,0,70,1,1,-1,-0.9837814129
4,1,0,55,0,3,-1,-0.9751515694
9,1,0,55,0,3,-1,-0.9837036226
1,1,0,73,2,1,-1,-0.9697864586
2,1,1,68,3,0,-1,-0.9571696818
1,1,1,69,1,1,-1,0.1586234114
6,1,0,63,5,0,-1,-0.9376386066
0,0,0,68,2,0,1,0.5819723436
2,1,0,68,3,0,-1,-0.9063754581
6,1,0,60,2,2,-1,-0.9991437963
4,1,0,65,1,2,-1,-0.9988687713
4,1,1,68,2,2,-1,-0.9999709661
2,1,0,68,1,2,-1,-0.9977609589
2,1,2,68,5,0,-1,-0.4037451402
3,1,1,69,4,0,-1,-0.9987259851
3,1,1,68,0,3,-1,-0.9999998566
2,0,0,62,0,2,-1,0.1939341845
2,1,0,68,5,0,-1,-0.9809238764
0,0,0,67,0,3,1,0.7372963945
1,1,0,68,2,0,-1,-0.8063990513
1,1,0,70,0,1,-1,-0.8962313593
0,0,0,50,1,0,-1,0.7781488814
0,0,0,65,1,0,1,0.7520196889
1,1,0,62,0,1,-1,-0.9046464768
1,1,0,70,1,1,-1,-0.9717741321
2,1,0,68,3,0,-1,-0.9063754581
0,0,0,68,1,0,-1,0.4846748049
0,0,0,68,1,0,1,0.4846748049
2,1,0,64,2,2,-1,-0.9673233113
1,1,1,71,4,1,-1,-0.9826120119
2,1,0,66,0,2,-1,-0.9437293896
1,1,0,74,1,0,-1,-0.9385932591
0,0,0,62,3,0,1,0.9767999995
3,1,0,68,4,1,-1,-0.9844236558
2,1,0,58,0,2,-1,-0.1757172126
0,0,0,58,1,0,1,0.9363618481
4,1,1,64,2,2,-1,-0.9989370705
1,1,0,72,1,0,-1,-0.966006713
1,1,0,69,2,0,-1,-0.8515264533
1,1,0,73,1,2,-1,-0.9996459895
2,1,0,66,2,0,-1,-0.8918060207
0,0,1,73,1,3,-1,0.8098900738
1,1,0,62,1,0,-1,-0.8057872565
0,0,0,58,3,0,-1,0.9483938869
0,0,0,64,1,0,-1,0.80709756
1,1,1,71,3,0,-1,-0.948163354
0,0,0,56,1,2,1,0.8498209162
12,1,1,55,0,3,-1,-0.9999994275
1,1,0,69,0,2,-1,-0.9880965807
3,1,2,67,5,0,-1,-0.9080576297
2,1,1,69,0,2,-1,-0.9877477758
0,0,0,59,2,0,1,0.945946155
1,1,0,72,1,0,-1,-0.966006713
3,1,0,69,1,3,-1,-0.9999910411
2,1,1,68,4,0,-1,-0.9858240521
0,0,0,50,1,0,1,0.7781488814
1,1,0,73,2,0,-1,-0.9616543341
0,0,0,70,3,0,1,0.9792096426
0,0,0,61,2,0,1,0.9234055329
0,0,0,50,0,2,-1,0.9749427518
0,0,0,64,3,0,1,0.9861347215
3,1,0,69,4,0,-1,-0.975929485
1,1,0,72,2,0,-1,-0.9456718766
4,1,2,66,2,2,-1,-0.9993715278
1,1,0,71,3,0,-1,-0.8480986287
0,0,0,71,2,0,1,0.537701721
1,1,0,66,0,1,-1,-0.7792520925
6,1,1,63,0,3,-1,-0.999996626
0,0,0,70,3,0,1,0.9792096426
1,1,0,74,1,0,-1,-0.9385932591
0,0,0,69,2,0,1,0.5171104601
0,0,0,66,3,0,1,0.9843115145
0,0,0,58,0,2,1,0.9121214103
14,0,0,50,0,2,-1,-0.9996056508
4,1,0,62,1,2,-1,-0.9969365846
0,0,0,67,1,0,1,0.5897606785
1,1,0,73,1,0,-1,-0.9592380258
1,1,0,67,0,3,-1,-0.999383107
2,1,0,68,3,2,-1,-0.9986165453
6,1,1,60,1,2,-1,-0.9996118573
0,0,0,62,2,0,-1,0.9051202235
6,1,3,63,1,3,-1,-0.9908604723
2,1,0,64,2,0,-1,-0.8189646198
2,1,0,70,3,0,-1,-0.8722355265
0,0,3,70,0,4,-1,0.9946632617
0,0,0,66,0,0,1,0.5580873507
1,1,0,69,1,3,-1,-0.9997551866
2,1,0,70,1,2,-1,-0.9995856156
1,1,1,71,0,3,-1,-0.9999977758
3,1,0,68,3,0,-1,-0.8376238709
2,1,0,70,2,2,-1,-0.9998125446
2,1,0,69,3,0,-1,-0.9074014624
1,1,1,69,2,0,-1,-0.9991379844
0,0,0,68,1,0,1,0.4846748049
2,0,0,63,1,0,1,0.4175698765
0,0,0,59,2,0,-1,0.945946155
0,0,0,70,3,0,1,0.9792096426
2,1,1,70,2,0,-1,-0.9997044869
2,1,0,66,1,0,-1,-0.6703311116
4,1,0,68,0,2,-1,-0.99931341
1,1,0,71,0,3,-1,-0.9999901124
4,1,2,64,4,0,-1,-0.661643701
0,0,0,62,2,0,-1,0.9051202235
2,1,1,68,0,2,-1,-0.9837883895
6,1,0,60,2,2,-1,-0.9991437963
4,1,0,68,1,2,-1,-0.9997511329
2,1,0,67,1,0,-1,-0.7424877744
1,1,1,71,3,0,-1,-0.948163354
4,1,1,57,2,1,-1,-0.9999924996
0,0,0,64,1,0,1,0.80709756
2,1,0,72,3,0,-1,-0.6754778859
3,0,1,65,1,3,-1,0.9959373104
0,0,0,60,1,0,1,0.9174878686
0,0,0,65,2,0,-1,0.7970220979
0,0,0,66,2,0,1,0.7352237757
1,1,0,59,1,2,-1,-0.7124558681
1,1,0,58,0,1,-1,-0.9668584093
0,0,1,70,0,4,-1,-0.9236176472
2,0,0,66,0,0,-1,0.0264401378
0,0,0,60,2,0,1,0.9365456183
0,0,0,52,1,0,1,0.7848937306
1,1,0,71,0,2,-1,-0.9977035738
4,1,1,64,4,0,-1,-0.997369859
1,1,0,73,1,0,-1,-0.9592380258
6,1,0,60,2,2,-1,-0.9991437963
6,1,1,65,1,3,-1,-0.9999997366
0,0,0,70,2,0,1,0.4931684502
1,1,1,71,2,1,-1,-0.7445850807
0,0,1,72,0,3,-1,0.9835422689
3,1,1,69,1,3,-1,-0.9999997918
2,1,1,69,3,0,-1,-0.9400571178
1,1,1,71,3,0,-1,-0.948163354
1,1,1,70,2,1,-1,-0.77112452
0,0,0,70,3,0,1,0.9792096426
0,0,0,51,4,0,1,0.980218004
3,1,1,69,4,0,-1,-0.9987259851
2,1,2,68,5,0,-1,-0.4037451402
0,0,0,61,3,0,1,0.960705508
6,1,1,50,1,1,-1,-0.9999932423
0,0,2,71,1,3,-1,0.9245608745
0,0,0,62,2,0,1,0.9051202235
4,1,0,64,2,0,-1,-0.8738813211
3,1,2,68,4,0,-1,-0.8206796419
2,1,1,70,4,0,-1,-0.9937445242
3,1,2,67,1,3,-1,-0.9999970913
0,0,0,61,1,0,1,0.9010480607
2,1,0,57,2,0,-1,-0.812038736
1,1,0,70,2,1,-1,-0.9910298068
1,1,0,67,4,0,-1,-0.683968221
4,1,0,54,0,2,-1,-0.8035001402
1,1,0,69,2,0,-1,-0.8515264533
0,0,1,72,0,3,-1,0.9835422689
1,1,0,74,2,0,-1,-0.9717899636
2,1,1,71,2,0,-1,-0.9997649688
1,1,0,69,2,1,-1,-0.9966563914
0,0,0,64,3,0,1,0.9861347215
0,0,0,66,0,2,1,0.9017559443
2,1,0,70,1,0,-1,-0.8780186966
1,1,0,71,5,0,-1,-0.835315795
2,1,0,70,2,2,-1,-0.9998125446
0,0,0,62,1,0,1,0.878659686
4,1,0,64,2,2,-1,-0.9921336755
0,0,0,65,1,0,1,0.7520196889
12,1,0,56,1,3,-1,-0.9711303633
0,0,0,58,2,0,1,0.9522916197
3,1,2,68,1,3,-1,-0.9999990027
1,1,0,74,0,1,-1,-0.9617584139
0,0,0,69,1,0,1,0.3765585697
1,1,0,55,4,0,-1,-0.5078663582
0,0,0,63,2,0,1,0.8796935344
3,1,1,67,3,1,-1,-0.9974514918
10,1,0,53,1,2,-1,-0.8426034079
4,1,0,62,1,2,-1,-0.9969365846
0,0,0,69,2,1,1,0.8413225259
1,1,0,71,4,0,-1,-0.8774354544
1,1,1,67,1,2,-1,-0.9762262882
2,1,0,70,3,0,-1,-0.8722355265
0,0,0,66,0,2,1,0.9017559443
1,1,0,66,0,0,-1,-0.8221588543
0,0,0,72,2,0,1,0.6543637655
1,1,1,71,3,1,-1,-0.9691911219
0,0,0,67,2,0,1,0.6607310361
1,1,0,71,4,0,-1,-0.8774354544
0,0,0,56,1,0,1,0.8851693016
0,0,1,70,3,0,-1,-0.2623437789
1,1,0,72,1,1,-1,-0.9704455777
6,1,0,57,0,2,-1,-0.9512249969
3,1,1,68,0,3,-1,-0.9999998566
2,1,0,68,3,0,-1,-0.9063754581
3,1,1,68,1,3,-1,-0.9999991335
0,0,0,65,0,0,1,0.6320603484
0,0,0,67,0,1,1,0.537024059
6,1,1,60,1,2,-1,-0.9996118573
2,1,1,71,1,2,-1,-0.9998911957
1,1,1,71,0,3,-1,-0.9999977758
3,2,1,69,1,2,-1,-0.9999945188
2,1,0,68,2,0,-1,-0.930395509
3,1,1,68,4,1,-1,-0.9993401358
1,1,1,63,4,0,-1,-0.8917339597
3,2,0,69,1,2,-1,-0.9983245533
0,0,1,70,0,4,-1,-0.9236176472
0,0,0,63,0,1,1,0.7693680954
3,1,0,68,3,0,-1,-0.8376238709
0,0,1,73,1,2,-1,0.983408563
1,1,0,70,1,0,-1,-0.9636186493
2,1,0,62,1,2,-1,-0.9606924944
1,1,0,74,1,0,-1,-0.9385932591
4,1,0,60,1,2,-1,-0.9955911762
2,1,0,68,4,0,-1,-0.9318068723
2,1,0,70,1,0,-1,-0.8780186966
4,1,0,62,2,2,-1,-0.9940695036
2,1,0,62,2,0,-1,-0.7010310199
0,0,0,66,0,4,1,0.8276110317
10,1,1,46,2,2,-1,-0.9999999462
1,1,0,74,2,0,-1,-0.9717899636
0,0,0,64,1,0,1,0.80709756
2,1,0,68,2,2,-1,-0.9987435546
1,0,0,68,0,1,-1,-0.1819228634
1,1,0,68,1,0,1,-0.9474402304
3,1,2,67,4,0,-1,-0.8244823631
6,1,1,64,3,1,-1,-0.9999986055
4,1,0,56,2,2,-1,-0.9999703883
6,1,1,60,2,2,-1,-0.9999858691
2,1,0,64,2,2,-1,-0.9673233113
0,0,1,66,2,0,-1,0.1389049769
0,0,0,66,0,0,-1,0.5580873507
3,1,1,69,1,3,-1,-0.9999997918
1,1,0,73,0,2,-1,-0.9988453257
1,1,0,68,0,1,-1,-0.8252189699
2,1,0,56,2,0,-1,-0.8371809992
0,0,3,71,1,3,-1,0.998914376
0,0,0,54,0,2,1,0.9680228346
4,1,0,64,4,0,-1,-0.9075397462
1,1,0,74,2,0,-1,-0.9717899636
0,0,0,63,0,0,1,0.7460780461
8,1,0,58,2,2,-1,-0.9866992512
4,1,1,66,1,2,-1,-0.9998316933
6,1,1,64,4,0,-1,-0.9997411211
6,1,0,54,2,2,-1,-0.9999882045
0,0,0,67,2,0,1,0.6607310361
1,1,0,73,2,1,-1,-0.9697864586
1,1,1,71,5,0,-1,-0.9191727399
0,0,0,68,4,0,1,0.9041689431
2,2,0,70,1,1,-1,-0.9837814129
2,1,1,64,3,0,-1,-0.9936860406
0,0,0,58,1,0,1,0.9363618481
0,0,0,72,1,1,1,0.1708295234
0,0,0,74,4,0,-1,0.8912028107
4,1,0,66,2,2,-1,-0.9924378601
6,1,0,62,2,0,-1,-0.8462259091
3,1,1,59,0,3,-1,-0.9946087269
2,1,0,68,0,2,-1,-0.9909206057
0,0,1,70,0,4,-1,-0.9236176472
0,0,0,60,0,2,1,0.9231646008
4,1,1,64,3,0,-1,-0.9995360937
2,1,0,64,0,2,-1,-0.727666449
2,1,0,67,4,0,-1,-0.9003319925
6,1,0,62,0,2,-1,-0.9975992963
2,1,0,70,1,2,-1,-0.9995856156
3,1,1,67,0,3,-1,-0.9999994745
0,0,0,64,2,0,1,0.844576617
1,1,0,63,4,0,-1,-0.7744736833
4,1,1,64,3,0,-1,-0.9995360937
0,0,0,59,2,0,1,0.945946155
8,1,0,60,0,2,-1,-0.9910996514
1,1,0,66,0,0,-1,-0.8221588543
2,1,0,65,3,1,-1,-0.9999146912
1,1,0,73,2,1,-1,-0.9697864586
0,0,0,71,0,0,1,0.1814422053
3,1,0,69,1,3,-1,-0.9999910411
2,1,0,62,3,0,-1,-0.9370617034
1,1,0,66,0,1,-1,-0.7792520925
1,1,0,71,4,1,-1,-0.9908376227
1,1,1,71,1,3,-1,-0.9999992664
0,0,1,70,0,4,-1,-0.9236176472
2,1,1,71,2,0,-1,-0.9997649688
0,0,0,72,1,2,1,0.9744502855
2,1,1,69,1,2,-1,-0.9994533244
0,0,0,74,1,0,1,0.6652851395
0,0,0,67,1,2,1,0.731345147
2,1,0,70,1,0,-1,-0.8780186966
0,0,0,66,0,0,1,0.5580873507
0,0,0,71,1,0,1,0.2572244648
0,0,0,64,1,0,1,0.80709756
0,0,0,66,2,0,-1,0.7352237757
0,0,0,60,1,1,1,0.9626238078
1,1,0,65,1,0,-1,-0.886441665
1,1,0,70,3,0,-1,-0.7883346606
3,1,1,69,1,3,-1,-0.9999997918
0,0,0,58,1,0,1,0.9363618481
2,1,0,66,1,1,-1,-0.9956768398
0,0,0,68,3,0,1,0.9810207056
2,0,0,66,2,0,-1,0.0633978183
2,1,0,68,5,0,-1,-0.9809238764
4,1,0,60,0,2,-1,-0.9310357939
0,0,0,70,0,2,1,0.5357944256
2,1,0,70,2,0,-1,-0.9546230791
0,0,0,73,2,0,1,0.7917769373
1,1,0,70,1,0,-1,-0.9636186493
1,1,0,66,1,1,-1,-0.9888436749
3,1,0,67,4,0,-1,-0.9563729372
0,0,0,64,3,0,1,0.9861347215
0,0,0,64,1,0,1,0.80709756
2,1,0,64,1,2,-1,-0.9916920702
1,1,1,71,0,3,-1,-0.9999977758
0,0,0,57,0,1,1,0.8373857434
4,1,0,66,1,2,-1,-0.9989993947
4,1,0,64,3,2,-1,-0.9991757631
0,0,0,74,2,0,-1,0.8873716534
1,1,0,72,1,0,-1,-0.966006713
2,1,1,67,4,0,-1,-0.9784672145
0,0,0,58,2,0,-1,0.9522916197
6,1,0,64,1,3,-1,-0.9966631656
1,1,0,71,0,3,-1,-0.9999901124
6,1,1,60,0,3,-1,-0.9998355347
9,1,0,60,1,3,-1,-0.5415999294
0,0,0,65,2,0,1,0.7970220979
0,0,0,47,0,3,1,0.8695047393
2,1,1,72,1,2,-1,-0.9999351715
2,1,0,72,1,2,-1,-0.9999442567
3,1,0,63,1,3,-1,-0.995687199
0,0,3,70,7,0,-1,-0.9995475628
0,0,0,66,1,0,-1,0.679996438
4,1,0,64,2,2,-1,-0.9921336755
3,1,0,68,5,0,-1,-0.9856142657
2,1,0,68,0,2,-1,-0.9909206057
4,1,1,66,3,0,-1,-0.9994406915
6,1,0,64,0,3,-1,-0.999915895
2,1,0,52,1,0,-1,-0.9755204634
2,1,0,66,2,1,-1,-0.9999267909
0,0,0,64,0,2,1,0.9121847488
2,1,0,69,3,1,-1,-0.9878244821
0,0,0,67,2,0,1,0.6607310361
3,1,1,67,4,0,-1,-0.9965800083
3,1,0,69,2,1,-1,-0.9999801864
0,0,0,62,3,0,-1,0.9767999995
0,0,0,71,0,1,-1,0.7353739475
3,1,1,67,0,3,-1,-0.9999994745
3,1,0,45,1,3,-1,-0.993438411
0,0,0,60,0,2,1,0.9231646008
0,0,0,70,2,0,-1,0.4931684502
2,1,1,70,3,0,-1,-0.944689296
1,1,1,71,4,0,-1,-0.9476523001
0,0,0,57,0,3,-1,0.9822025611
0,0,0,70,0,4,-1,0.6576261691
3,1,1,62,2,0,-1,-0.9902402619
1,1,0,71,0,3,-1,-0.9999901124
1,1,0,71,2,1,-1,-0.984017474
4,1,0,64,3,0,-1,-0.9608131317
2,1,0,70,2,2,-1,-0.9998125446
2,2,0,72,1,0,-1,-0.658093478
2,1,0,70,2,2,-1,-0.9998125446
1,1,0,67,0,3,-1,-0.999383107
6,1,0,62,0,2,-1,-0.9975992963
9,1,1,60,4,0,-1,-0.9988723694
0,0,0,62,1,0,-1,0.878659686
1,1,0,61,2,1,-1,-0.9989665504
2,1,1,64,2,0,-1,-0.9954619208
0,0,0,53,2,0,1,0.8306763996
0,0,0,60,2,0,1,0.9365456183
0,0,0,56,1,0,1,0.8851693016
6,1,0,58,0,2,-1,-0.9685356041
0,0,2,70,0,4,-1,-0.9394227825
0,0,0,66,0,2,1,0.9017559443
3,1,0,68,4,0,-1,-0.9678647271
0,0,0,62,0,0,1,0.7880305407
4,1,0,58,0,2,-1,-0.8001718322
1,0,0,63,4,0,-1,0.9244460891
0,0,0,52,1,0,1,0.7848937306
4,1,0,64,3,0,-1,-0.9608131317
0,0,0,62,1,0,1,0.878659686
4,1,0,58,0,2,-1,-0.8001718322
1,1,0,69,1,3,-1,-0.9997551866
6,1,0,64,2,2,-1,-0.9864240697
2,1,1,68,4,0,-1,-0.9858240521
2,0,0,62,0,2,-1,0.1939341845
0,0,2,70,0,4,-1,-0.9394227825
8,1,1,56,1,2,-1,-0.9999901703
0,0,0,63,1,0,1,0.8482480681
3,1,1,67,4,0,1,-0.9965800083
1,1,1,71,5,0,-1,-0.9191727399
4,0,0,62,0,4,-1,-0.5466678613
2,1,0,68,3,0,-1,-0.9063754581
4,1,1,60,1,2,-1,-0.9885834604
2,1,1,70,2,2,-1,-0.9990500339
3,1,0,69,1,3,-1,-0.9999910411
0,0,0,44,1,0,1,0.6981748
3,1,1,68,1,3,-1,-0.9999991335
0,0,0,69,2,0,1,0.5171104601
3,1,0,64,4,1,-1,-0.9947638707
2,1,0,70,3,0,-1,-0.8722355265
0,0,0,65,2,0,1,0.7970220979
1,1,1,71,1,3,-1,-0.9999992664
2,1,0,70,1,1,-1,-0.9953883532
1,1,0,68,0,1,-1,-0.8252189699
2,1,0,72,0,2,-1,-0.9994238324
0,0,0,59,2,0,1,0.945946155
1,1,0,71,3,0,-1,-0.8480986287
3,1,1,69,1,3,-1,-0.9999997918
6,1,3,55,1,3,-1,0.7622732214
0,0,0,61,1,0,1,0.9010480607
3,1,1,67,0,3,-1,-0.9999994745
4,1,0,66,0,2,-1,-0.9960272516
4,1,0,64,2,2,-1,-0.9921336755
2,1,0,66,1,2,-1,-0.9967496994
2,1,2,68,3,2,-1,-0.9667722436
0,0,1,70,5,0,-1,-0.7876164569
0,0,0,58,1,0,1,0.9363618481
3,1,2,68,4,0,-1,-0.8206796419
0,0,0,72,0,2,-1,0.2189549096
2,1,1,72,1,2,-1,-0.9999351715
0,0,0,64,1,2,1,0.6725692273
0,0,0,66,4,0,1,0.9501312543
2,1,1,69,2,0,-1,-0.9995723657
0,0,0,67,2,0,1,0.6607310361
3,1,0,67,4,0,-1,-0.9563729372
0,0,0,53,2,0,1,0.8306763996
0,0,0,72,1,0,1,0.3205273765
1,1,0,71,3,0,-1,-0.8480986287
2,1,1,68,4,0,-1,-0.9858240521
1,1,0,51,4,0,-1,-0.8677699277
2,1,0,70,1,2,-1,-0.9995856156
2,1,0,68,3,2,-1,-0.9986165453
0,0,0,62,2,0,1,0.9051202235
0,0,0,54,0,0,1,0.6501104438
0,0,2,70,6,0,-1,-0.5252694876
1,1,0,72,1,0,-1,-0.966006713
3,1,0,55,0,3,-1,-0.9603545876
2,1,0,66,3,0,-1,-0.9434689136
1,1,0,70,1,1,-1,-0.9717741321
2,1,0,69,3,1,-1,-0.9878244821
2,1,0,72,2,0,-1,-0.9717140916
0,0,0,61,1,0,1,0.9010480607
1,1,0,71,3,0,-1,-0.8480986287
0,0,0,64,1,0,1,0.80709756
0,0,0,69,1,0,1,0.3765585697
0,0,0,65,3,0,1,0.9856279456
2,1,1,59,4,0,-1,-0.9677844356
4,1,0,68,2,2,-1,-0.9990392064
0,0,0,60,3,0,-1,0.9465653626
2,1,0,72,2,2,-1,-0.9998930834
2,1,0,68,3,0,-1,-0.9063754581
0,0,0,67,2,0,1,0.6607310361
2,1,0,68,2,2,-1,-0.9987435546
2,0,0,65,0,2,1,-0.6706299146
0,0,0,68,1,0,1,0.4846748049
0,0,0,74,0,0,1,0.6174330747
0,0,0,52,1,0,1,0.7848937306
6,1,1,60,0,3,-1,-0.9998355347
6,1,0,56,1,3,-1,-0.9146749382
3,1,2,67,1,3,-1,-0.9999970913
1,1,0,70,1,0,-1,-0.9636186493
0,0,0,76,1,0,1,0.8317974084
2,1,1,69,3,0,-1,-0.9400571178
1,1,0,73,2,1,-1,-0.9697864586
12,1,1,48,0,3,-1,-0.999959619
9,1,0,61,0,3,-1,-0.4926449988
2,1,1,68,0,2,-1,-0.9837883895
2,1,0,62,3,0,-1,-0.9370617034
0,0,0,55,1,0,1,0.8087225027
2,1,0,66,0,2,-1,-0.9437293896
2,1,1,68,3,0,-1,-0.9571696818
0,0,0,69,2,0,1,0.5171104601
3,1,1,67,0,3,-1,-0.9999994745
2,1,2,68,3,2,-1,-0.9667722436
6,1,0,54,1,2,-1,-0.9978643533
0,0,0,56,2,0,1,0.9405160096
3,1,0,68,3,0,-1,-0.8376238709
0,0,0,60,1,0,1,0.9174878686
2,1,1,68,3,0,-1,-0.9571696818
1,1,0,66,1,0,-1,-0.9129494731
0,0,0,62,0,2,1,0.9377337615
1,1,0,67,4,0,-1,-0.683968221
1,1,1,71,4,0,-1,-0.9476523001
2,1,1,72,3,0,-1,-0.9741671249
0,0,0,64,1,0,-1,0.80709756
2,1,0,69,4,0,-1,-0.9511880561
0,0,0,63,4,0,-1,0.983355938
0,0,1,70,7,0,-1,-0.4081165778
1,1,0,70,2,0,-1,-0.8907713583
0,0,0,56,2,0,1,0.9405160096
0,0,0,68,1,0,1,0.4846748049
3,1,0,69,0,3,-1,-0.999994603
0,0,1,66,2,0,1,0.1389049769
4,1,0,68,1,0,-1,-0.5817635223
0,0,0,73,2,0,1,0.7917769373
4,1,0,66,1,2,-1,-0.9989993947
6,1,2,60,2,2,-1,-0.9999733818
1,1,0,72,1,0,-1,-0.966006713
3,1,0,69,4,0,-1,-0.975929485
6,0,0,50,0,2,-1,-0.5635823316
0,0,0,65,1,0,-1,0.7520196889
1,1,1,71,0,3,-1,-0.9999977758
1,1,0,61,1,0,-1,-0.8192922422
2,1,0,66,0,2,-1,-0.9437293896
9,1,1,61,4,0,-1,-0.9988015778
0,0,0,59,0,0,1,0.8681843316
4,1,0,68,0,2,-1,-0.99931341
9,1,1,61,3,0,-1,-0.9999534283
1,1,1,71,2,1,-1,-0.7445850807
1,1,1,61,4,0,-1,-0.9476548671
0,0,0,71,2,0,1,0.537701721
2,1,0,68,2,2,-1,-0.9987435546
8,1,0,58,2,2,-1,-0.9866992512
0,0,0,69,1,2,1,0.8480203781
4,1,0,62,1,2,-1,-0.9969365846
2,1,0,70,4,0,-1,-0.9625977634
2,1,0,72,2,2,-1,-0.9998930834
1,1,1,71,3,0,-1,-0.948163354
2,1,0,72,2,2,-1,-0.9998930834
0,0,0,48,3,0,1,0.8653413093
4,1,0,50,4,0,-1,-0.9992527635
2,1,1,68,4,0,-1,-0.9858240521
2,1,0,70,1,2,-1,-0.9995856156
0,0,0,62,0,0,1,0.7880305407
1,1,0,68,0,3,-1,-0.999761141
1,1,1,70,2,1,-1,-0.77112452
0,0,0,64,3,0,-1,0.9861347215
2,1,0,66,0,2,-1,-0.9437293896
1,1,1,71,5,0,-1,-0.9191727399
2,1,1,66,3,0,-1,-0.9846081838
0,0,0,40,1,0,1,0.6139668582
4,1,0,64,3,0,-1,-0.9608131317
2,1,1,68,3,0,-1,-0.9571696818
3,1,0,69,0,3,-1,-0.999994603
1,1,0,64,1,0,-1,-0.8545068688
0,0,3,70,7,0,-1,-0.9995475628
0,0,0,55,0,3,1,0.9919708346
4,1,1,59,3,0,-1,-0.9948070457
0,0,1,74,2,1,-1,0.9875533955
2,1,0,69,3,0,-1,-0.9074014624
0,0,0,55,2,0,1,0.8852467749
0,0,0,48,2,0,1,0.8148179494
6,1,2,52,2,2,-1,-0.9999933337
2,1,0,70,1,0,-1,-0.8780186966
2,1,0,66,2,2,-1,-0.9921253
2,1,0,70,2,2,-1,-0.9998125446
0,0,0,56,2,0,1,0.9405160096
0,0,0,70,0,0,-1,0.2147273097
0,0,0,70,1,0,1,0.2889120369
3,1,1,67,4,0,-1,-0.9965800083
2,0,0,62,1,1,-1,-0.0964151764
3,1,0,60,1,3,-1,-0.9604036884
0,0,0,65,2,0,1,0.7970220979
0,0,2,70,0,4,-1,-0.9394227825
4,0,0,62,0,4,-1,-0.5466678613
8,1,0,58,1,2,-1,-0.9866212496
1,1,1,71,3,0,-1,-0.948163354
0,0,1,72,2,2,-1,0.9987074663
1,1,0,73,2,1,-1,-0.9697864586
1,1,1,67,4,0,-1,-0.8899863653
1,1,1,71,2,1,-1,-0.7445850807
1,1,0,70,0,1,-1,-0.8962313593
0,0,0,66,4,0,1,0.9501312543
4,1,2,64,5,0,-1,-0.9804812486
6,1,1,60,3,0,-1,-0.9996350244
2,0,0,59,1,1,1,0.2251370422
4,1,0,60,2,2,-1,-0.999362739
0,0,0,57,2,0,1,0.9542034022
2,1,0,70,0,2,-1,-0.9985071933
1,1,0,73,2,0,-1,-0.9616543341
1,1,0,72,2,0,-1,-0.9456718766
4,1,1,68,4,0,-1,-0.9997032999
0,0,0,62,0,0,1,0.7880305407
2,1,1,64,5,0,-1,-0.9698498273
1,1,0,73,0,2,-1,-0.9988453257
0,0,0,70,0,4,1,0.6576261691
3,1,0,68,4,1,-1,-0.9844236558
1,0,0,62,1,0,1,0.6737067796
0,0,0,60,3,0,1,0.9465653626
6,1,1,55,0,3,-1,-0.9982991779
1,1,0,74,0,1,-1,-0.9617584139
2,1,0,66,4,0,-1,-0.8502415564
1,1,0,64,1,0,-1,-0.8545068688
3,1,2,63,1,3,-1,-0.9999898053
4,0,0,62,2,0,-1,0.3544909853
2,1,0,62,2,0,-1,-0.7010310199
2,1,1,68,4,0,-1,-0.9858240521
0,0,0,58,0,2,1,0.9121214103
0,0,0,68,3,0,-1,0.9810207056
2,0,0,66,0,0,-1,0.0264401378
1,1,0,70,0,0,-1,-0.9358702803
5,1,0,54,1,0,-1,0.2613131902
2,1,0,66,1,2,-1,-0.9967496994
0,0,0,66,1,0,1,0.679996438
3,1,1,68,1,3,-1,-0.9999991335
1,1,1,67,0,3,-1,-0.9999838826
2,1,0,64,3,0,-1,-0.9538056082
0,0,1,70,0,4,-1,-0.9236176472
0,0,0,67,1,0,1,0.5897606785
0,0,3,70,0,4,-1,0.9946632617
0,0,0,58,1,0,1,0.9363618481
2,1,0,68,2,0,-1,-0.930395509
0,0,0,51,1,1,1,0.9072063315
1,1,1,51,3,1,-1,-0.9999385381
0,0,0,67,0,3,1,0.7372963945
2,1,0,68,3,2,-1,-0.9986165453
0,0,0,64,1,0,1,0.80709756
0,0,0,56,2,0,1,0.9405160096
0,0,0,67,1,0,1,0.5897606785
0,0,1,72,4,0,-1,0.4465210404
1,1,0,73,2,0,-1,-0.9616543341
1,1,1,71,4,0,-1,-0.9476523001
0,0,0,65,1,0,1,0.7520196889
3,1,0,63,5,1,-1,-0.9271681516
0,0,0,61,3,1,-1,0.9929149213
0,0,1,71,4,0,-1,0.408930681
3,1,0,67,4,0,-1,-0.9563729372
2,1,0,71,1,0,-1,-0.895318647
1,1,1,67,3,0,-1,-0.990372471
1,1,0,52,0,3,-1,-0.8786801934
0,0,0,49,2,0,1,0.8210799863
0,0,0,64,2,0,1,0.844576617
0,0,0,61,0,0,1,0.8217655028
0,0,3,70,0,4,-1,0.9946632617
1,1,0,72,1,0,-1,-0.966006713
2,1,1,68,3,0,-1,-0.9571696818
0,0,0,70,1,0,-1,0.2889120369
1,1,0,71,3,0,-1,-0.8480986287
0,0,0,49,1,0,1,0.7706023678
0,0,0,68,1,0,-1,0.4846748049
2,1,0,71,3,0,-1,-0.7302203311
1,1,0,70,1,1,-1,-0.9717741321
3,1,0,63,1,0,-1,0.0133877982
0,0,0,60,1,0,1,0.9174878686
9,1,2,59,1,3,-1,-0.9999999897
1,1,0,71,1,3,-1,-0.9999719071
4,1,1,68,4,0,-1,-0.9997032999
9,1,1,60,0,3,-1,-0.9999992132
0,0,0,66,4,0,1,0.9501312543
1,1,0,70,1,0,-1,-0.9636186493
4,1,0,64,2,0,-1,-0.8738813211
0,0,2,70,0,4,-1,-0.9394227825
0,0,0,64,1,0,1,0.80709756
2,1,1,70,1,2,-1,-0.999778493
1,1,0,72,1,3,-1,-0.9999904619
4,1,0,64,2,0,-1,-0.8738813211
1,1,1,67,3,0,-1,-0.990372471
0,0,0,42,2,2,1,0.8445634758
4,1,0,68,0,2,-1,-0.99931341
1,1,0,72,0,0,-1,-0.8992789634
2,1,1,71,1,2,-1,-0.9998911957
0,0,0,65,1,0,1,0.7520196889
0,0,0,61,2,0,1,0.9234055329
0,0,0,67,0,2,1,0.8763303726
1,1,0,70,1,1,-1,-0.9717741321
1,1,0,69,1,3,-1,-0.9997551866
10,1,1,52,2,2,-1,-0.9999999364
0,0,0,73,2,0,1,0.7917769373
2,1,0,70,2,0,-1,-0.9546230791
6,1,1,64,3,0,-1,-0.999897547
4,1,0,56,3,0,-1,-0.9934413142
6,1,0,65,1,3,-1,-0.9988990085
11,1,1,53,0,2,-1,-0.9999925687
9,2,0,54,2,1,1,0.6926260386
1,1,0,59,3,0,-1,-0.8653466175
3,1,0,67,4,0,-1,-0.9563729372
1,1,0,72,2,0,-1,-0.9456718766
2,1,0,68,2,2,-1,-0.9987435546
1,1,1,71,4,1,-1,-0.9826120119
0,0,0,71,2,1,1,0.6576121341
0,0,0,66,1,0,1,0.679996438
2,1,1,64,2,0,-1,-0.9954619208
0,0,2,70,0,4,-1,-0.9394227825
2,1,1,70,1,2,-1,-0.999778493
4,1,1,65,3,0,-1,-0.999609468
0,0,0,58,0,0,1,0.8751816063
2,1,0,70,4,0,-1,-0.9625977634
2,1,0,69,4,0,-1,-0.9511880561
0,0,0,49,2,0,1,0.8210799863
4,1,0,64,2,2,-1,-0.9921336755
2,1,0,65,0,2,-1,-0.870442646
10,1,0,53,0,2,-1,-0.6455103305
0,0,0,54,1,0,1,0.7849607742
0,0,0,54,2,0,-1,0.8395945073
1,1,0,72,1,0,-1,-0.966006713
2,1,0,72,2,0,-1,-0.9717140916
0,0,0,53,0,1,1,0.8205156947
0,0,0,70,1,0,1,0.2889120369
0,0,0,63,1,0,1,0.8482480681
1,1,1,71,4,0,-1,-0.9476523001
1,1,0,70,1,1,-1,-0.9717741321
0,0,1,71,4,0,1,0.408930681
1,1,0,71,0,3,-1,-0.9999901124
0,0,0,57,1,3,1,0.9711081468
0,0,0,58,0,0,1,0.8751816063
1,1,0,74,1,1,-1,-0.9886852266
2,1,2,68,5,0,-1,-0.4037451402
4,2,0,62,1,1,-1,-0.9580019162
2,1,0,70,1,0,-1,-0.8780186966
0,0,1,66,2,0,-1,0.1389049769
2,1,0,70,0,2,-1,-0.9985071933
4,1,0,64,0,2,-1,-0.9908038669
2,1,0,62,0,2,-1,-0.2559161779
2,1,1,70,3,0,-1,-0.944689296
1,1,1,71,3,0,-1,-0.948163354
2,0,0,66,0,2,-1,-0.816125889
2,1,0,69,3,1,-1,-0.9878244821
3,1,1,68,4,0,-1,-0.9979129822
0,0,0,66,0,0,-1,0.5580873507
0,0,0,63,1,0,1,0.8482480681
0,0,0,64,1,0,1,0.80709756
0,0,1,70,6,0,-1,0.53758092
0,0,0,72,0,1,-1,0.7781763376
0,0,0,60,3,0,1,0.9465653626
1,1,0,69,3,0,-1,-0.7045848854
1,1,1,71,3,1,-1,-0.9691911219
3,1,1,68,1,3,-1,-0.9999991335
0,0,0,66,1,0,1,0.679996438
1,1,0,72,0,1,-1,-0.9489489686
3,1,1,67,4,0,-1,-0.9965800083
0,0,0,69,3,0,1,0.9796353049
2,1,1,70,3,0,-1,-0.944689296
4,1,0,60,3,2,-1,-0.997961307
1,1,0,65,1,0,-1,-0.886441665
4,1,0,68,4,0,-1,-0.986223156
3,2,1,70,3,0,-1,-0.5433123551
1,1,0,72,1,0,-1,-0.966006713
2,1,0,70,1,2,-1,-0.9995856156
1,1,1,69,2,1,-1,-0.7872689399
1,0,0,71,3,0,-1,0.9505648216
0,0,0,72,2,0,1,0.6543637655
0,0,0,44,0,2,1,0.7383412736
1,1,0,71,0,1,-1,-0.9274751125
1,1,0,72,0,1,-1,-0.9489489686
0,0,0,69,1,0,1,0.3765585697
15,1,1,52,1,3,-1,-0.999992774
3,1,0,68,4,1,-1,-0.9844236558
0,0,0,63,0,0,1,0.7460780461
2,1,0,44,3,0,-1,-0.9009571397
0,0,2,71,5,0,-1,0.4345269074
0,0,0,63,5,0,1,0.5956129917
1,1,0,70,2,0,-1,-0.8907713583
8,1,0,58,4,0,-1,-0.9458426499
2,1,0,70,1,2,-1,-0.9995856156
4,1,1,66,3,0,-1,-0.9994406915
0,0,0,60,1,0,1,0.9174878686
1,1,1,71,0,3,-1,-0.9999977758
0,0,0,70,1,0,1,0.2889120369
0,0,0,64,1,0,1,0.80709756
1,1,1,71,4,0,-1,-0.9476523001
4,1,0,60,4,0,-1,-0.6443330163
1,1,1,70,2,1,-1,-0.77112452
0,0,0,56,1,0,1,0.8851693016
1,1,0,72,1,1,-1,-0.9704455777
1,0,0,70,2,0,-1,-0.002440556
4,0,0,60,0,2,-1,-0.5783661974
2,1,0,70,1,2,-1,-0.9995856156
2,0,1,64,0,2,-1,-0.4446059095
1,1,0,72,2,0,-1,-0.9456718766
0,0,1,73,2,0,-1,-0.0843068805
9,1,1,52,1,3,-1,-0.9992264927
2,1,2,70,2,2,-1,-0.9908960059
0,0,0,62,0,2,1,0.9377337615
1,1,0,73,1,1,-1,-0.9786600886
0,0,0,68,3,0,-1,0.9810207056
0,0,1,70,2,0,-1,-0.4616757633
4,1,1,66,4,0,-1,-0.9991120809
9,1,0,60,5,0,-1,-0.9828759139
0,0,0,68,1,0,1,0.4846748049
1,1,0,73,0,2,-1,-0.9988453257
2,1,0,66,3,0,-1,-0.9434689136
2,1,0,52,5,0,-1,0.3066678639
2,1,1,70,4,0,-1,-0.9937445242
8,1,1,56,4,0,-1,-0.9998953977
0,0,1,73,1,3,-1,0.8098900738
8,1,1,57,2,0,-1,-0.8730297246
0,0,0,63,0,2,1,0.9275270249
5,2,1,63,1,2,-1,-0.9999955062
1,1,0,70,2,1,-1,-0.9910298068
0,0,0,65,2,0,1,0.7970220979
2,1,0,70,3,0,-1,-0.8722355265
3,1,1,68,3,0,-1,-0.981298227
0,0,0,52,2,0,1,0.8299728301
2,1,1,72,2,2,-1,-0.9998154612
6,1,3,63,6,0,-1,-0.9999491382
3,1,2,67,1,3,-1,-0.9999970913
3,1,1,69,1,3,-1,-0.9999997918
0,0,0,66,2,0,1,0.7352237757
2,1,0,70,0,2,-1,-0.9985071933
0,0,0,66,0,4,1,0.8276110317
1,1,0,51,4,0,-1,-0.8677699277
9,1,0,60,0,3,-1,-0.6735479478
2,1,0,70,1,2,-1,-0.9995856156
1,1,0,58,0,1,-1,-0.9668584093
1,1,0,73,3,0,-1,-0.8751677256
2,1,1,70,4,0,-1,-0.9937445242
2,1,0,62,2,1,-1,-0.9997510838
0,0,1,73,3,0,-1,0.7533153173
1,1,0,74,0,0,-1,-0.8599623171
4,0,1,64,2,2,-1,-0.9316899873
3,1,0,69,4,0,-1,-0.975929485
0,0,0,70,0,2,-1,0.5357944256
2,1,0,70,1,2,-1,-0.9995856156
1,1,0,68,1,0,-1,-0.9474402304
1,1,1,71,3,0,-1,-0.948163354
2,1,0,72,1,2,-1,-0.9999442567
0,0,0,69,1,3,1,0.9721679799
1,1,1,71,0,3,-1,-0.9999977758
2,1,0,70,0,2,-1,-0.9985071933
2,1,1,71,1,2,-1,-0.9998911957
0,0,0,57,0,0,1,0.8365386472
2,1,0,70,3,0,-1,-0.8722355265
2,1,0,70,0,2,-1,-0.9985071933
3,1,2,68,5,0,-1,-0.8887854398
2,1,0,70,0,2,-1,-0.9985071933
4,1,1,65,0,2,-1,-0.9943115513
1,0,0,68,1,1,-1,-0.5007424089
2,1,0,48,4,0,-1,-0.986588586
6,1,1,63,3,0,-1,-0.9998892745
0,0,0,61,0,1,1,0.7943983846
1,1,0,66,2,0,-1,-0.7039235504
4,1,1,56,0,2,-1,-0.9996663217
6,1,0,62,4,0,-1,-0.9543154358
2,1,0,68,3,0,-1,-0.9063754581
1,1,0,67,3,0,-1,-0.5112457461
1,1,0,71,4,0,-1,-0.8774354544
1,1,1,67,2,0,-1,-0.9976476591
0,0,1,71,5,0,-1,-0.78612762
0,0,0,66,0,4,-1,0.8276110317
0,0,0,66,0,4,1,0.8276110317
1,1,0,74,0,0,-1,-0.8599623171
6,1,2,63,1,3,-1,-0.9999999962
4,1,0,58,1,2,-1,-0.9916582047
1,1,0,72,1,0,-1,-0.966006713
